Workbook

Sheet Instructions
B1: AI/ML Use Inventory: Instructions
B3: Purpose | C3: INFOSEC and Legal are building out a comprehensive inventory of AI/ML used across the company. The inventory supports risk review, protection of NPI, PII and company IP, and responses to client and audit inquiries. Maintaining it is required under the AI Policy (Tool Tracking) and the AI Governance Overview (Monitoring and Audit).
B4: What to include | C4: (1) AI/ML your team built or is building: APIs, agents, automations, applications, in production, pilot/POC, or development. (2) AI features embedded in SaaS tools your team uses or administers, including features a vendor turned on inside a product that was already approved. (3) AI tools your team uses to build or operate systems: coding assistants, AI in CI/CD, dev tooling.
B5: How to complete | C5: Use the Inventory tab. One row per use case (not per tool). Columns marked * are required. If you do not know an answer, enter 'Unsure' or 'Unknown' rather than guessing. An incomplete row is more useful than a missing one. If no inventory exists for your team, list what you know.
B6: Due date / return to | C6: [DUE DATE]. Return the completed file to [INFOSEC CONTACT / cybersecurity@auction.com].
B7: Disclosure window | C7: [CONFIRM BEFORE SENDING: if the CLO authorizes it, state here that items reported by the due date will be onboarded through the review process rather than treated as policy exceptions.]
B8: Reporting statement | C8: Treat the inventory as 'complete as of [date], reviewed [cadence]', not as an unqualified statement of completeness.
B9: Relationship to intake form | C9: This workbook uses the fields of the AI Use Case Intake Form (05-2026) plus infrastructure fields InfoSec needs. A row here does not replace an intake form submission for a new use case. See the 'Intake form submitted?' column and the Field Guide tab for the source of each field.
B10: Cell colors | C10: Green band = department completes. Grey band / grey headers = calculated, do not edit. Navy band = InfoSec and Legal only. Grey italic row 5 = example only; enter your data from row 6.
B11: Auto-flag logic | C11: 'Review for High' appears when any of these is Yes: NPI, client data, consumer (SmartSale) data, output reaches external parties, or oversight is Fully automated. These track the High Risk definition in the AI Governance Overview. The flag prompts review; InfoSec and Legal set the actual tier. The Governance Overview also lists Office365 access and biometric data as high-risk; the client-data column asks about client O365 content, and biometric data should be noted in Notes.
B12: Next review due | C12: Calculated from risk tier and review date using the Governance Overview cadence: High = quarterly, Medium = annually, Low = on material change.

Sheet Inventory
A1: AI/ML Use Inventory
A2: Complete one row per AI/ML use case. Columns marked * are required. See the Instructions and Field Guide tabs. Row 5 is an example only; start entering data in row 6.
A3: Department to complete | AK3: Calc | AL3: InfoSec / Legal use
A4: ID (InfoSec assigns) | B4: Department * | C4: Name of AI/ML use or system * | D4: What it does / business process it supports * | E4: Category * | F4: Status * | G4: Go-live date (actual or planned) | H4: Business owner * | I4: Technical owner / custodian * | J4: AI vendor / platform * | K4: Model and version | L4: Access method * | M4: Agentic? (multi-step actions without per-step human approval) * | N4: If agentic: tools and permissions it holds | O4: Hosting / runtime | P4: Systems and data sources connected | Q4: Okta / SSO used? * | R4: Service account / API key management | S4: Instance type * | T4: Processes NPI? * | U4: Processes other PII? * | V4: Processes company IP / confidential? * | W4: Processes client data (incl. loan-level data, client O365 content)? * | X4: If client data: which client(s)? | Y4: Processes consumer (SmartSale) data? * | Z4: Data sent to or retained by a third party? * | AA4: Vendor training / retention status | AB4: Logs sent to SIEM? * | AC4: Other monitoring | AD4: Users / audience * | AE4: Does any output reach clients, buyers, sellers, or consumers? * | AF4: Human oversight * | AG4: Contractors / vendors involved in build or operation | AH4: Restrictive open-source components used or trained on? | AI4: Intake form submitted? * | AJ4: Notes / open issues | AK4: Required fields still blank | AL4: Reported during disclosure window? | AM4: Auto-flag: high-risk trigger present | AN4: Risk tier (InfoSec / Legal) | AO4: Client approval required? | AP4: Reviewed by | AQ4: Review date | AR4: Next review due | AS4: InfoSec follow-up / gaps
A5: EXAMPLE | B5: Engineering | C5: Deal summary agent | D5: Summarizes bidder Q&A threads for listing managers before sale close. | E5: Built in-house (API/agent/automation/app) | F5: Pilot / POC | G5: 2026-11-15 | H5: Jane Doe | I5: John Smith | J5: AWS Bedrock | K5: Claude Sonnet 4.6 | L5: API | M5: No | O5: AWS (private VPC) | P5: Listing database (read-only); internal Slack (post) | Q5: Yes | R5: IAM role; keys in Secrets Manager, rotated 90 days | S5: Private / enterprise | T5: No | U5: Yes | V5: Yes | W5: Yes | X5: Example Bank | Y5: No | Z5: Yes | AA5: Contractually prohibited | AB5: Partial | AC5: CloudWatch; prompts and outputs retained 30 days | AD5: Internal staff | AE5: No | AF5: Human reviews before action | AG5: None | AH5: No | AI5: No | AJ5: Example row only. Delete or ignore. | AK5: =IF(C5="","",(B5="")+(C5="")+(D5="")+(E5="")+(F5="")+(H5="")+(I5="")+(J5="")+(L5="")+(M5="")+(Q5="")+(S5="")+(T5="")+(U5="")+(V5="")+(W5="")+(Y5="")+(Z5="")+(AB5="")+(AD5="")+(AE5="")+(AF5="")+(AI5="")) -> 0 | AM5: =IF(C5="","",IF(OR(T5="Yes",W5="Yes",Y5="Yes",AE5="Yes",AF5="Fully automated"),"Review for High","-")) -> Review for High | AR5: =IF(OR(AN5="",AQ5=""),"",IF(AN5="High",EDATE(AQ5,3),IF(AN5="Medium",EDATE(AQ5,12),"On material change")))
AK6: =IF(C6="","",(B6="")+(C6="")+(D6="")+(E6="")+(F6="")+(H6="")+(I6="")+(J6="")+(L6="")+(M6="")+(Q6="")+(S6="")+(T6="")+(U6="")+(V6="")+(W6="")+(Y6="")+(Z6="")+(AB6="")+(AD6="")+(AE6="")+(AF6="")+(AI6="")) | AM6: =IF(C6="","",IF(OR(T6="Yes",W6="Yes",Y6="Yes",AE6="Yes",AF6="Fully automated"),"Review for High","-")) | AR6: =IF(OR(AN6="",AQ6=""),"",IF(AN6="High",EDATE(AQ6,3),IF(AN6="Medium",EDATE(AQ6,12),"On material change")))
AK7: =IF(C7="","",(B7="")+(C7="")+(D7="")+(E7="")+(F7="")+(H7="")+(I7="")+(J7="")+(L7="")+(M7="")+(Q7="")+(S7="")+(T7="")+(U7="")+(V7="")+(W7="")+(Y7="")+(Z7="")+(AB7="")+(AD7="")+(AE7="")+(AF7="")+(AI7="")) | AM7: =IF(C7="","",IF(OR(T7="Yes",W7="Yes",Y7="Yes",AE7="Yes",AF7="Fully automated"),"Review for High","-")) | AR7: =IF(OR(AN7="",AQ7=""),"",IF(AN7="High",EDATE(AQ7,3),IF(AN7="Medium",EDATE(AQ7,12),"On material change")))
AK8: =IF(C8="","",(B8="")+(C8="")+(D8="")+(E8="")+(F8="")+(H8="")+(I8="")+(J8="")+(L8="")+(M8="")+(Q8="")+(S8="")+(T8="")+(U8="")+(V8="")+(W8="")+(Y8="")+(Z8="")+(AB8="")+(AD8="")+(AE8="")+(AF8="")+(AI8="")) | AM8: =IF(C8="","",IF(OR(T8="Yes",W8="Yes",Y8="Yes",AE8="Yes",AF8="Fully automated"),"Review for High","-")) | AR8: =IF(OR(AN8="",AQ8=""),"",IF(AN8="High",EDATE(AQ8,3),IF(AN8="Medium",EDATE(AQ8,12),"On material change")))
AK9: =IF(C9="","",(B9="")+(C9="")+(D9="")+(E9="")+(F9="")+(H9="")+(I9="")+(J9="")+(L9="")+(M9="")+(Q9="")+(S9="")+(T9="")+(U9="")+(V9="")+(W9="")+(Y9="")+(Z9="")+(AB9="")+(AD9="")+(AE9="")+(AF9="")+(AI9="")) | AM9: =IF(C9="","",IF(OR(T9="Yes",W9="Yes",Y9="Yes",AE9="Yes",AF9="Fully automated"),"Review for High","-")) | AR9: =IF(OR(AN9="",AQ9=""),"",IF(AN9="High",EDATE(AQ9,3),IF(AN9="Medium",EDATE(AQ9,12),"On material change")))
AK10: =IF(C10="","",(B10="")+(C10="")+(D10="")+(E10="")+(F10="")+(H10="")+(I10="")+(J10="")+(L10="")+(M10="")+(Q10="")+(S10="")+(T10="")+(U10="")+(V10="")+(W10="")+(Y10="")+(Z10="")+(AB10="")+(AD10="")+(AE10="")+(AF10="")+(AI10="")) | AM10: =IF(C10="","",IF(OR(T10="Yes",W10="Yes",Y10="Yes",AE10="Yes",AF10="Fully automated"),"Review for High","-")) | AR10: =IF(OR(AN10="",AQ10=""),"",IF(AN10="High",EDATE(AQ10,3),IF(AN10="Medium",EDATE(AQ10,12),"On material change")))
AK11: =IF(C11="","",(B11="")+(C11="")+(D11="")+(E11="")+(F11="")+(H11="")+(I11="")+(J11="")+(L11="")+(M11="")+(Q11="")+(S11="")+(T11="")+(U11="")+(V11="")+(W11="")+(Y11="")+(Z11="")+(AB11="")+(AD11="")+(AE11="")+(AF11="")+(AI11="")) | AM11: =IF(C11="","",IF(OR(T11="Yes",W11="Yes",Y11="Yes",AE11="Yes",AF11="Fully automated"),"Review for High","-")) | AR11: =IF(OR(AN11="",AQ11=""),"",IF(AN11="High",EDATE(AQ11,3),IF(AN11="Medium",EDATE(AQ11,12),"On material change")))
AK12: =IF(C12="","",(B12="")+(C12="")+(D12="")+(E12="")+(F12="")+(H12="")+(I12="")+(J12="")+(L12="")+(M12="")+(Q12="")+(S12="")+(T12="")+(U12="")+(V12="")+(W12="")+(Y12="")+(Z12="")+(AB12="")+(AD12="")+(AE12="")+(AF12="")+(AI12="")) | AM12: =IF(C12="","",IF(OR(T12="Yes",W12="Yes",Y12="Yes",AE12="Yes",AF12="Fully automated"),"Review for High","-")) | AR12: =IF(OR(AN12="",AQ12=""),"",IF(AN12="High",EDATE(AQ12,3),IF(AN12="Medium",EDATE(AQ12,12),"On material change")))
AK13: =IF(C13="","",(B13="")+(C13="")+(D13="")+(E13="")+(F13="")+(H13="")+(I13="")+(J13="")+(L13="")+(M13="")+(Q13="")+(S13="")+(T13="")+(U13="")+(V13="")+(W13="")+(Y13="")+(Z13="")+(AB13="")+(AD13="")+(AE13="")+(AF13="")+(AI13="")) | AM13: =IF(C13="","",IF(OR(T13="Yes",W13="Yes",Y13="Yes",AE13="Yes",AF13="Fully automated"),"Review for High","-")) | AR13: =IF(OR(AN13="",AQ13=""),"",IF(AN13="High",EDATE(AQ13,3),IF(AN13="Medium",EDATE(AQ13,12),"On material change")))
AK14: =IF(C14="","",(B14="")+(C14="")+(D14="")+(E14="")+(F14="")+(H14="")+(I14="")+(J14="")+(L14="")+(M14="")+(Q14="")+(S14="")+(T14="")+(U14="")+(V14="")+(W14="")+(Y14="")+(Z14="")+(AB14="")+(AD14="")+(AE14="")+(AF14="")+(AI14="")) | AM14: =IF(C14="","",IF(OR(T14="Yes",W14="Yes",Y14="Yes",AE14="Yes",AF14="Fully automated"),"Review for High","-")) | AR14: =IF(OR(AN14="",AQ14=""),"",IF(AN14="High",EDATE(AQ14,3),IF(AN14="Medium",EDATE(AQ14,12),"On material change")))
AK15: =IF(C15="","",(B15="")+(C15="")+(D15="")+(E15="")+(F15="")+(H15="")+(I15="")+(J15="")+(L15="")+(M15="")+(Q15="")+(S15="")+(T15="")+(U15="")+(V15="")+(W15="")+(Y15="")+(Z15="")+(AB15="")+(AD15="")+(AE15="")+(AF15="")+(AI15="")) | AM15: =IF(C15="","",IF(OR(T15="Yes",W15="Yes",Y15="Yes",AE15="Yes",AF15="Fully automated"),"Review for High","-")) | AR15: =IF(OR(AN15="",AQ15=""),"",IF(AN15="High",EDATE(AQ15,3),IF(AN15="Medium",EDATE(AQ15,12),"On material change")))
AK16: =IF(C16="","",(B16="")+(C16="")+(D16="")+(E16="")+(F16="")+(H16="")+(I16="")+(J16="")+(L16="")+(M16="")+(Q16="")+(S16="")+(T16="")+(U16="")+(V16="")+(W16="")+(Y16="")+(Z16="")+(AB16="")+(AD16="")+(AE16="")+(AF16="")+(AI16="")) | AM16: =IF(C16="","",IF(OR(T16="Yes",W16="Yes",Y16="Yes",AE16="Yes",AF16="Fully automated"),"Review for High","-")) | AR16: =IF(OR(AN16="",AQ16=""),"",IF(AN16="High",EDATE(AQ16,3),IF(AN16="Medium",EDATE(AQ16,12),"On material change")))
AK17: =IF(C17="","",(B17="")+(C17="")+(D17="")+(E17="")+(F17="")+(H17="")+(I17="")+(J17="")+(L17="")+(M17="")+(Q17="")+(S17="")+(T17="")+(U17="")+(V17="")+(W17="")+(Y17="")+(Z17="")+(AB17="")+(AD17="")+(AE17="")+(AF17="")+(AI17="")) | AM17: =IF(C17="","",IF(OR(T17="Yes",W17="Yes",Y17="Yes",AE17="Yes",AF17="Fully automated"),"Review for High","-")) | AR17: =IF(OR(AN17="",AQ17=""),"",IF(AN17="High",EDATE(AQ17,3),IF(AN17="Medium",EDATE(AQ17,12),"On material change")))
... AK505: =IF(C505="","",(B505="")+(C505="")+(D505="")+(E505="")+(F505="")+(H505="")+(I505="")+(J505="")+(L505="")+(M505="")+(Q505="")+(S505="")+(T505="")+(U505="")+(V505="")+(W505="")+(Y505="")+(Z505="")+(AB505="")+(AD505="")+(AE505="")+(AF505="")+(AI505="")) | AM505: =IF(C505="","",IF(OR(T505="Yes",W505="Yes",Y505="Yes",AE505="Yes",AF505="Fully automated"),"Review for High","-")) | AR505: =IF(OR(AN505="",AQ505=""),"",IF(AN505="High",EDATE(AQ505,3),IF(AN505="Medium",EDATE(AQ505,12),"On material change")))

Sheet Field Guide
A1: Field | B1: Completed by | C1: Required | D1: Guidance | E1: Allowed values | F1: Source
A2: ID (InfoSec assigns) | B2: Department | C2: No | D2: Leave blank. InfoSec assigns on receipt. | E2: Free text | F2: Added
A3: Department | B3: Department | C3: Yes | D3: Owning department. | E3: Free text | F3: InfoSec email #9
A4: Name of AI/ML use or system | B4: Department | C4: Yes | D4: One row per use case, not per tool. A tool used for three purposes is three rows. | E4: Free text | F4: InfoSec email #1; Intake Form: Use Case / Project Name
A5: What it does / business process it supports | B5: Department | C5: Yes | D5: Plain language. Include who or what consumes the output. | E5: Free text | F5: InfoSec email #1; Intake Form: Intended Use
A6: Category | B6: Department | C6: Yes | D6: Built in-house, AI feature embedded in a SaaS product (including features a vendor switched on in an already-approved product), standalone AI tool, or AI used in dev tooling. | E6: Built in-house (API/agent/automation/app), Embedded AI feature in SaaS, Standalone AI tool/platform, Dev tooling (coding assistant / CI-CD / IDE), Other | F6: Added
A7: Status | B7: Department | C7: Yes | D7: Production, Pilot / POC, In development, or Retired. | E7: Production, Pilot / POC, In development, Retired | F7: InfoSec email #2
A8: Go-live date (actual or planned) | B8: Department | C8: No | D8: Enter a date (YYYY-MM-DD). Leave blank if not yet scheduled. | E8: Free text | F8: InfoSec email #2; Intake Form: Target Go-Live
A9: Business owner | B9: Department | C9: Yes | D9: Name. | E9: Free text | F9: InfoSec email #9; Intake Form: Business Owner
A10: Technical owner / custodian | B10: Department | C10: Yes | D10: Name. | E10: Free text | F10: InfoSec email #9
A11: AI vendor / platform | B11: Department | C11: Yes | D11: e.g. AWS Bedrock, OpenAI, Microsoft, in-house. | E11: Free text | F11: InfoSec email #3
A12: Model and version | B12: Department | C12: No | D12: e.g. Claude Sonnet 4.6. Enter 'Unknown' for embedded features where the vendor does not disclose it. | E12: Free text | F12: Added
... A46: InfoSec follow-up / gaps | B46: InfoSec / Legal | C46: No | D46: InfoSec use. | E46: Free text | F46: InfoSec email: 'follow up on any gaps'

Sheet Summary
B1: Inventory Summary (counts rows 6 to 505 of the Inventory tab; example row excluded)
B3: Volume
B4: Use cases recorded | C4: =COUNTA(Inventory!$C$6:$C$505) -> 0
B5: Rows with required fields still blank | C5: =COUNTIF(Inventory!$AK$6:$AK$505,">0") -> 0
B7: By status
B8: Production | C8: =COUNTIF(Inventory!$F$6:$F$505,"Production") -> 0
B9: Pilot / POC | C9: =COUNTIF(Inventory!$F$6:$F$505,"Pilot / POC") -> 0
B10: In development | C10: =COUNTIF(Inventory!$F$6:$F$505,"In development") -> 0
B11: Retired | C11: =COUNTIF(Inventory!$F$6:$F$505,"Retired") -> 0
B13: By category
B14: Built in-house (API/agent/automation/app) | C14: =COUNTIF(Inventory!$E$6:$E$505,"Built in-house (API/agent/automation/app)") -> 0
B15: Embedded AI feature in SaaS | C15: =COUNTIF(Inventory!$E$6:$E$505,"Embedded AI feature in SaaS") -> 0
B16: Standalone AI tool/platform | C16: =COUNTIF(Inventory!$E$6:$E$505,"Standalone AI tool/platform") -> 0
B17: Dev tooling (coding assistant / CI-CD / IDE) | C17: =COUNTIF(Inventory!$E$6:$E$505,"Dev tooling (coding assistant / CI-CD / IDE)") -> 0
B18: Other | C18: =COUNTIF(Inventory!$E$6:$E$505,"Other") -> 0
B20: Risk indicators
B21: Processes NPI | C21: =COUNTIF(Inventory!$T$6:$T$505,"Yes") -> 0
B22: Processes client data | C22: =COUNTIF(Inventory!$W$6:$W$505,"Yes") -> 0
B23: Processes consumer (SmartSale) data | C23: =COUNTIF(Inventory!$Y$6:$Y$505,"Yes") -> 0
B24: Output reaches external parties | C24: =COUNTIF(Inventory!$AE$6:$AE$505,"Yes") -> 0
B25: Agentic | C25: =COUNTIF(Inventory!$M$6:$M$505,"Yes") -> 0
B26: Fully automated (no human review) | C26: =COUNTIF(Inventory!$AF$6:$AF$505,"Fully automated") -> 0
B27: Public / consumer instance | C27: =COUNTIF(Inventory!$S$6:$S$505,"Public / consumer") -> 0
B28: Data sent to or retained by a third party | C28: =COUNTIF(Inventory!$Z$6:$Z$505,"Yes") -> 0
B29: Vendor training status Unknown or Not prohibited | C29: =COUNTIF(Inventory!$AA$6:$AA$505,"Unknown")+COUNTIF(Inventory!$AA$6:$AA$505,"Not prohibited") -> 0
B30: Auto-flag: Review for High | C30: =COUNTIF(Inventory!$AM$6:$AM$505,"Review for High") -> 0
B32: Control gaps
B33: Not using Okta / SSO | C33: =COUNTIF(Inventory!$Q$6:$Q$505,"No")+COUNTIF(Inventory!$Q$6:$Q$505,"Partial") -> 0
B34: Logs not fully sent to SIEM (No, Partial, Unknown) | C34: =COUNTIF(Inventory!$AB$6:$AB$505,"No")+COUNTIF(Inventory!$AB$6:$AB$505,"Partial")+COUNTIF(Inventory!$AB$6:$AB$505,"Unknown") -> 0
B35: No intake form submitted | C35: =COUNTIF(Inventory!$AI$6:$AI$505,"No") -> 0
B37: InfoSec review status
B38: Risk tier: Low | C38: =COUNTIF(Inventory!$AN$6:$AN$505,"Low") -> 0
B39: Risk tier: Medium | C39: =COUNTIF(Inventory!$AN$6:$AN$505,"Medium") -> 0
B40: Risk tier: High | C40: =COUNTIF(Inventory!$AN$6:$AN$505,"High") -> 0
B41: Recorded but no risk tier assigned | C41: =COUNTA(Inventory!$C$6:$C$505)-COUNTA(Inventory!$AN$6:$AN$505) -> 0
